race_start,race_end,race_time
1653609134.3044071,1653609229.6400244,95.33561730384827
