race_start,race_end,race_time
1653612527.8460493,1653612610.1656506,82.31960129737854
