race_start,race_end,race_time
1653611265.2823029,1653611337.1397278,71.85742497444153
