race_start,race_end,race_time
1653612138.7737563,1653612233.1679075,94.39415121078491
