race_start,race_end,race_time
1653611006.962012,1653611089.202128,82.24011588096619
