race_start,race_end,race_time
1653610050.1936316,1653610171.507645,121.31401324272156
