race_start,race_end,race_time
1653612759.64888,1653612840.7315834,81.08270335197449
