race_start,race_end,race_time
1653610601.609064,1653610675.498263,73.88919878005981
