race_start,race_end,race_time
1653611648.4981089,1653611727.175818,78.67770910263062
