race_start,race_end,race_time
1653610887.910449,1653610957.6735725,69.76312351226807
