race_start,race_end,race_time
1653611746.9227705,1653611825.1228049,78.2000343799591
