race_start,race_end,race_time
1653610800.255045,1653610870.3126936,70.05764865875244
