race_start,race_end,race_time
1653606991.217596,1653607074.3964338,83.17883777618408
