race_start,race_end,race_time
1653612037.6011994,1653612121.520193,83.91899371147156
