race_start,race_end,race_time
1653606680.0297973,1653606764.2154925,84.1856951713562
