race_start,race_end,race_time
1653613407.4145765,1653613530.763782,123.349205493927
