race_start,race_end,race_time
1653610499.0079186,1653610571.5253296,72.51741099357605
