race_start,race_end,race_time
1653613752.6302257,1653613837.137249,84.50702333450317
