race_start,race_end,race_time
1653612904.8626804,1653612990.685456,85.8227756023407
