race_start,race_end,race_time
1653611139.1942103,1653611230.8128338,91.61862349510193
