race_start,race_end,race_time
1653612668.9011042,1653612750.7375996,81.8364953994751
