race_start,race_end,race_time
1653613197.0766053,1653613286.4187808,89.34217548370361
