race_start,race_end,race_time
1653607240.6288877,1653607329.8482695,89.21938180923462
