race_start,race_end,race_time
1653613295.0409222,1653613398.5790577,103.53813552856445
