race_start,race_end,race_time
1653613640.381989,1653613725.7465324,85.36454343795776
