race_start,race_end,race_time
1653612247.1851745,1653612362.5350611,115.3498866558075
