race_start,race_end,race_time
1653611935.672389,1653612018.1369615,82.46457242965698
