race_start,race_end,race_time
1653611375.2437797,1653611447.426333,72.1825532913208
