race_start,race_end,race_time
1653612388.302645,1653612469.6115108,81.30886578559875
